<?xml version="1.0" encoding="UTF-8"?>
<rss version="2.0" xmlns:ror="http://rorweb.com/0.1/" >
<channel>
  <title>ROR Sitemap for https://clickuniversal.netlify.app/</title>
  <link>https://clickuniversal.netlify.app/</link>

<item>
     <link>https://clickuniversal.netlify.app/</link>
     <title>ClickUniversal</title>
     <description>universo</description>
     <ror:updatePeriod></ror:updatePeriod>
     <ror:sortOrder>0</ror:sortOrder>
     <ror:resourceOf>sitemap</ror:resourceOf>
</item>
<item>
     <link>https://clickuniversal.netlify.app/planetas.html</link>
     <title>ClickUniversal</title>
     <description>Planeta</description>
     <ror:updatePeriod></ror:updatePeriod>
     <ror:sortOrder>1</ror:sortOrder>
     <ror:resourceOf>sitemap</ror:resourceOf>
</item>
<item>
     <link>https://clickuniversal.netlify.app/galaxias.html</link>
     <title>ClickUniversal</title>
     <description>galaxia</description>
     <ror:updatePeriod></ror:updatePeriod>
     <ror:sortOrder>1</ror:sortOrder>
     <ror:resourceOf>sitemap</ror:resourceOf>
</item>
<item>
     <link>https://clickuniversal.netlify.app/aujeros%20negros</link>
     <title>ClickUniversal</title>
     <description>Aujeros negros</description>
     <ror:updatePeriod></ror:updatePeriod>
     <ror:sortOrder>1</ror:sortOrder>
     <ror:resourceOf>sitemap</ror:resourceOf>
</item>
<item>
     <link>https://clickuniversal.netlify.app/index.html</link>
     <title>ClickUniversal</title>
     <description>universo</description>
     <ror:updatePeriod></ror:updatePeriod>
     <ror:sortOrder>2</ror:sortOrder>
     <ror:resourceOf>sitemap</ror:resourceOf>
</item>
</channel>
</rss>
  